{"cameraMode":{"drawMode":0,"name":"Shaded","section":"Shading Mode"},"sceneLighting":false,"audioPlay":false,"sceneViewState":{"m_AlwaysRefresh":false,"showFog":true,"showSkybox":false,"showFlares":true,"showImageEffects":true,"showParticleSystems":true,"showVisualEffectGraphs":true,"m_FxEnabled":true},"in2DMode":false,"pivot":{"x":-0.4583432078361511,"y":1.5239529609680176,"z":0.35293683409690859},"rotation":{"x":0.061513375490903857,"y":0.0915130004286766,"z":-0.005645864177495241,"w":0.993902862071991},"size":0.07549832761287689,"orthographic":false}