{"cameraMode":{"drawMode":0,"name":"Shaded","section":"Shading Mode"},"sceneLighting":true,"audioPlay":false,"sceneViewState":{"m_AlwaysRefresh":false,"showFog":true,"showSkybox":true,"showFlares":true,"showImageEffects":true,"showParticleSystems":true,"showVisualEffectGraphs":true,"m_FxEnabled":true},"in2DMode":false,"pivot":{"x":-0.9245661497116089,"y":0.7333292961120606,"z":1.9025224447250367},"rotation":{"x":-0.140799880027771,"y":0.30977338552474978,"z":-0.046440549194812778,"w":-0.9391809105873108},"size":1.6768202781677247,"orthographic":false}