{"cameraMode":{"drawMode":0,"name":"Shaded","section":"Shading Mode"},"sceneLighting":true,"audioPlay":false,"sceneViewState":{"m_AlwaysRefresh":false,"showFog":true,"showSkybox":true,"showFlares":true,"showImageEffects":true,"showParticleSystems":true,"showVisualEffectGraphs":true,"m_FxEnabled":true},"in2DMode":false,"pivot":{"x":-0.3452240228652954,"y":1.47190260887146,"z":0.26350507140159609},"rotation":{"x":0.028721828013658525,"y":-0.5640512108802795,"z":0.019655894488096238,"w":0.8250213265419006},"size":0.6913934946060181,"orthographic":false}