{"cameraMode":{"drawMode":0,"name":"Shaded","section":"Shading Mode"},"sceneLighting":true,"audioPlay":false,"sceneViewState":{"m_AlwaysRefresh":false,"showFog":true,"showSkybox":true,"showFlares":true,"showImageEffects":true,"showParticleSystems":true,"showVisualEffectGraphs":true,"m_FxEnabled":true},"in2DMode":false,"pivot":{"x":-3.178103446960449,"y":2.8348660469055177,"z":-1.1227645874023438},"rotation":{"x":0.01414171326905489,"y":-0.38263002038002016,"z":0.005863686092197895,"w":0.9237900972366333},"size":2.9585835933685304,"orthographic":false}