{"cameraMode":{"drawMode":0,"name":"Shaded","section":"Shading Mode"},"sceneLighting":true,"audioPlay":false,"sceneViewState":{"m_AlwaysRefresh":false,"showFog":true,"showSkybox":true,"showFlares":true,"showImageEffects":true,"showParticleSystems":true,"showVisualEffectGraphs":true,"m_FxEnabled":true},"in2DMode":false,"pivot":{"x":0.7503252625465393,"y":1.7152832746505738,"z":-0.33365529775619509},"rotation":{"x":-0.04275919497013092,"y":0.5114424824714661,"z":-0.02550949715077877,"w":-0.8578876852989197},"size":0.04944610968232155,"orthographic":false}