{"cameraMode":{"drawMode":0,"name":"Shaded","section":"Shading Mode"},"sceneLighting":false,"audioPlay":false,"sceneViewState":{"m_AlwaysRefresh":false,"showFog":true,"showSkybox":false,"showFlares":true,"showImageEffects":true,"showParticleSystems":true,"showVisualEffectGraphs":true,"m_FxEnabled":true},"in2DMode":false,"pivot":{"x":3.725290298461914e-9,"y":-0.03362833708524704,"z":-0.2509883940219879},"rotation":{"x":0.028721828013658525,"y":-0.5640512108802795,"z":0.019655894488096238,"w":0.8250213265419006},"size":0.3833751678466797,"orthographic":false}