{"cameraMode":{"drawMode":0,"name":"Shaded","section":"Shading Mode"},"sceneLighting":true,"audioPlay":false,"sceneViewState":{"m_AlwaysRefresh":false,"showFog":true,"showSkybox":true,"showFlares":true,"showImageEffects":true,"showParticleSystems":true,"showVisualEffectGraphs":true,"m_FxEnabled":true},"in2DMode":false,"pivot":{"x":-0.07841239869594574,"y":1.2156403064727784,"z":1.569372534751892},"rotation":{"x":-0.1319054812192917,"y":0.016946785151958467,"z":-0.0022553957533091308,"w":-0.9911185503005981},"size":5.34379243850708,"orthographic":false}