{"cameraMode":{"drawMode":0,"name":"Shaded","section":"Shading Mode"},"sceneLighting":true,"audioPlay":false,"sceneViewState":{"m_AlwaysRefresh":false,"showFog":true,"showSkybox":true,"showFlares":true,"showImageEffects":true,"showParticleSystems":true,"showVisualEffectGraphs":true,"m_FxEnabled":true},"in2DMode":false,"pivot":{"x":1.0098965167999268,"y":3.1140661239624025,"z":-0.8811904788017273},"rotation":{"x":-0.18362019956111909,"y":0.6602268815040588,"z":-0.17126648128032685,"w":-0.7078575491905212},"size":3.8086729049682619,"orthographic":false}