{"cameraMode":{"drawMode":0,"name":"Shaded","section":"Shading Mode"},"sceneLighting":true,"audioPlay":false,"sceneViewState":{"m_AlwaysRefresh":false,"showFog":true,"showSkybox":true,"showFlares":true,"showImageEffects":true,"showParticleSystems":true,"showVisualEffectGraphs":true,"m_FxEnabled":true},"in2DMode":false,"pivot":{"x":2.805311918258667,"y":0.8355763554573059,"z":1.0315271615982056},"rotation":{"x":-0.041133686900138858,"y":0.7446200251579285,"z":-0.04608307406306267,"w":-0.6646316051483154},"size":1.433855652809143,"orthographic":false}