{"cameraMode":{"drawMode":0,"name":"Shaded","section":"Shading Mode"},"sceneLighting":true,"audioPlay":false,"sceneViewState":{"m_AlwaysRefresh":false,"showFog":true,"showSkybox":true,"showFlares":true,"showImageEffects":true,"showParticleSystems":true,"showVisualEffectGraphs":true,"m_FxEnabled":true},"in2DMode":false,"pivot":{"x":1.8440171480178834,"y":3.8990283012390138,"z":0.0019640729296952488},"rotation":{"x":0.1338927000761032,"y":-0.7000885009765625,"z":0.13640782237052918,"w":0.688105046749115},"size":0.2726721465587616,"orthographic":false}