{"cameraMode":{"drawMode":0,"name":"Shaded","section":"Shading Mode"},"sceneLighting":false,"audioPlay":false,"sceneViewState":{"m_AlwaysRefresh":false,"showFog":true,"showSkybox":false,"showFlares":true,"showImageEffects":true,"showParticleSystems":true,"showVisualEffectGraphs":true,"m_FxEnabled":true},"in2DMode":false,"pivot":{"x":-0.4069356322288513,"y":1.4994735717773438,"z":0.7281525135040283},"rotation":{"x":0.04745880514383316,"y":0.4145757853984833,"z":0.02165680006146431,"w":-0.908520519733429},"size":0.038682855665683749,"orthographic":false}