{"cameraMode":{"drawMode":0,"name":"Shaded","section":"Shading Mode"},"sceneLighting":false,"audioPlay":false,"sceneViewState":{"m_AlwaysRefresh":false,"showFog":true,"showSkybox":false,"showFlares":true,"showImageEffects":true,"showParticleSystems":true,"showVisualEffectGraphs":true,"m_FxEnabled":true},"in2DMode":false,"pivot":{"x":-3.725290298461914e-9,"y":-0.1464519500732422,"z":0.011400669813156128},"rotation":{"x":0.17624224722385407,"y":-0.6821116805076599,"z":0.17475494742393495,"w":0.6878814697265625},"size":2.2859461307525636,"orthographic":false}